Domestic or INTL Applicant,Program Selection: Program Selection Name,Admissions Status
International,Biology: Computational and Integrative (MS),Started App
Domestic,Biology: Computational and Integrative (MS),Started App
International,Biology: Computational and Integrative (MS),Started App
International,Biology: Computational and Integrative (MS),Started App
International,Biology: Computational and Integrative (MS),Started App
International,Biology: Computational and Integrative (MS),Started App
Domestic,Biology: Computational and Integrative (MS),Started App
Domestic,Biology: Computational and Integrative (MS),Started App
Domestic,Biology: Computational and Integrative (MS),Started App
International,Biology: Computational and Integrative (MS),Started App
Domestic,Biology: Computational and Integrative (MS),Submitted App
Domestic,Biology: Computational and Integrative (MS),Submitted App
International,Biology: Computational and Integrative (MS),Submitted App
International,Biology: Computational and Integrative (MS),Submitted App
International,Biology: Computational and Integrative (MS),Admit
International,Biology: Computational and Integrative (MS),Admit
International,Biology: Computational and Integrative (MS),Admit
International,Biology: Computational and Integrative (MS),Admit
International,Biology: Computational and Integrative (MS),Admit
International,Biology: Computational and Integrative (MS),Admit
International,Biology: Computational and Integrative (MS),Admit
International,Biology: Computational and Integrative (MS),Admit-Coming
International,Biology: Computational and Integrative (MS),Admit-Coming
International,Biology: Computational and Integrative (MS),Admit-Coming
International,Biology: Computational and Integrative (MS),Admit-Coming
International,Biology: Computational and Integrative (MS),Admit-Coming
International,Biology: Computational and Integrative (MS),Admit-Coming
International,Biology: Computational and Integrative (MS),Admit-Coming
International,Biology: Computational and Integrative (MS),Admit-Not Coming
Domestic,Biology: Computational and Integrative (MS),Withdrawn
International,Biology: Computational and Integrative (MS),Withdrawn
International,Biology: Computational and Integrative (MS),Withdrawn
International,Biology: Computational and Integrative (MS),Withdrawn
International,Biology: Computational and Integrative (MS),Denied
International,Biology: Computational and Integrative (MS),Denied
International,Biology: Computational and Integrative (MS),Denied
International,Biology: Computational and Integrative (MS),Denied
International,Biology: Computational and Integrative (MS),Denied
International,Biology: Computational and Integrative (MS),Denied
International,Biology: Computational and Integrative (MS),Denied
Domestic,Biology: Computational and Integrative (MS),Denied
International,Biology: Computational and Integrative (MS),Denied
Domestic,Biology: Computational and Integrative (PHD),Started App
International,Biology: Computational and Integrative (PHD),Started App
Domestic,Biology: Computational and Integrative (PHD),Started App
International,Biology: Computational and Integrative (PHD),Started App
Domestic,Biology: Computational and Integrative (PHD),Started App
Domestic,Biology: Computational and Integrative (PHD),Started App
Domestic,Biology: Computational and Integrative (PHD),Started App
International,Biology: Computational and Integrative (PHD),Started App
International,Biology: Computational and Integrative (PHD),Started App
International,Biology: Computational and Integrative (PHD),Started App
Domestic,Biology: Computational and Integrative (PHD),Started App
International,Biology: Computational and Integrative (PHD),Started App
International,Biology: Computational and Integrative (PHD),Started App
International,Biology: Computational and Integrative (PHD),Started App
International,Biology: Computational and Integrative (PHD),Started App
International,Biology: Computational and Integrative (PHD),Started App
International,Biology: Computational and Integrative (PHD),Started App
International,Biology: Computational and Integrative (PHD),Started App
Domestic,Biology: Computational and Integrative (PHD),Started App
International,Biology: Computational and Integrative (PHD),Started App
International,Biology: Computational and Integrative (PHD),Started App
International,Biology: Computational and Integrative (PHD),Started App
International,Biology: Computational and Integrative (PHD),Started App
International,Biology: Computational and Integrative (PHD),Started App
Domestic,Biology: Computational and Integrative (PHD),Started App
International,Biology: Computational and Integrative (PHD),Started App
International,Biology: Computational and Integrative (PHD),Started App
International,Biology: Computational and Integrative (PHD),Started App
International,Biology: Computational and Integrative (PHD),Submitted App
International,Biology: Computational and Integrative (PHD),Submitted App
International,Biology: Computational and Integrative (PHD),Submitted App
International,Biology: Computational and Integrative (PHD),Admit
International,Biology: Computational and Integrative (PHD),Admit
Domestic,Biology: Computational and Integrative (PHD),Admit
International,Biology: Computational and Integrative (PHD),Admit
International,Biology: Computational and Integrative (PHD),Admit
International,Biology: Computational and Integrative (PHD),Admit
International,Biology: Computational and Integrative (PHD),Admit
International,Biology: Computational and Integrative (PHD),Admit-Coming
International,Biology: Computational and Integrative (PHD),Admit-Coming
International,Biology: Computational and Integrative (PHD),Admit-Coming
International,Biology: Computational and Integrative (PHD),Admit-Coming
Domestic,Biology: Computational and Integrative (PHD),Admit-Coming
International,Biology: Computational and Integrative (PHD),Admit-Coming
International,Biology: Computational and Integrative (PHD),Admit-Coming
International,Biology: Computational and Integrative (PHD),Admit-Coming
International,Biology: Computational and Integrative (PHD),Admit-Withdrawn
International,Biology: Computational and Integrative (PHD),Admit-Withdrawn
Domestic,Biology: Computational and Integrative (PHD),Admit-Withdrawn
International,Biology: Computational and Integrative (PHD),Admit-Withdrawn
Domestic,Biology: Computational and Integrative (PHD),Admit-Withdrawn
International,Biology: Computational and Integrative (PHD),Admit-Withdrawn
International,Biology: Computational and Integrative (PHD),Withdrawn
Domestic,Biology: Computational and Integrative (PHD),Alternative Admission
International,Biology: Computational and Integrative (PHD),Alternative Admission
International,Biology: Computational and Integrative (PHD),Alternative Admission
International,Biology: Computational and Integrative (PHD),Alternative Admission
Domestic,Biology: Computational and Integrative (PHD),Alternative Admission
International,Biology: Computational and Integrative (PHD),Alternative Admission
International,Biology: Computational and Integrative (PHD),Alternative Admission
International,Biology: Computational and Integrative (PHD),Alternative Admission
International,Biology: Computational and Integrative (PHD),Alternative Admission
International,Biology: Computational and Integrative (PHD),Alternative Admission
Domestic,Biology: Computational and Integrative (PHD),Alternative Admission
International,Biology: Computational and Integrative (PHD),Alternative Admission
International,Biology: Computational and Integrative (PHD),Alternative Admission
Domestic,Biology: Computational and Integrative (PHD),Alternative Admission
International,Biology: Computational and Integrative (PHD),Alternative Admission
International,Biology: Computational and Integrative (PHD),Alternative Admission
Domestic,Biology: Computational and Integrative (PHD),Alternative Admission
International,Biology: Computational and Integrative (PHD),Alternative Admission
International,Biology: Computational and Integrative (PHD),Alternative Admission
International,Biology: Computational and Integrative (PHD),Alternative Admission
Domestic,Biology: Computational and Integrative (PHD),Alternative Admission
International,Biology: Computational and Integrative (PHD),Alternative Admission
International,Biology: Computational and Integrative (PHD),Alternative Admission
International,Biology: Computational and Integrative (PHD),Alternative Admission
International,Biology: Computational and Integrative (PHD),Alternative Admission
International,Biology: Computational and Integrative (PHD),Alternative Admission
International,Biology: Computational and Integrative (PHD),Alternative Admission
Domestic,Biology: Computational and Integrative (PHD),Alternative Admission
International,Biology: Computational and Integrative (PHD),Alternative Admission
Domestic,Biology: Computational and Integrative (PHD),Alternative Admission
International,Biology: Computational and Integrative (PHD),Alternative Admission
Domestic,Biology: Computational and Integrative (PHD),Alternative Admission
International,Biology: Computational and Integrative (PHD),Alternative Admission
International,Biology: Computational and Integrative (PHD),Alternative Admission
International,Biology: Computational and Integrative (PHD),Denied
Domestic,Biology: Computational and Integrative (PHD),Denied
International,Biology: Computational and Integrative (PHD),Denied
International,Biology: Computational and Integrative (PHD),Denied
International,Biology: Computational and Integrative (PHD),Denied
Domestic,Biology: Computational and Integrative (PHD),Denied
International,Biology: Computational and Integrative (PHD),Denied
International,Biology: Computational and Integrative (PHD),Denied
International,Biology: Computational and Integrative (PHD),Denied
International,Biology: Computational and Integrative (PHD),Denied
International,Biology: Computational and Integrative (PHD),Denied
International,Biology: Computational and Integrative (PHD),Denied
International,Biology: Computational and Integrative (PHD),Denied
International,Biology: Computational and Integrative (PHD),Denied
International,Biology: Computational and Integrative (PHD),Denied
International,Biology: Computational and Integrative (PHD),Denied
International,Biology: Computational and Integrative (PHD),Denied
International,Biology: Computational and Integrative (PHD),Denied
International,Biology: Computational and Integrative (PHD),Denied
Domestic,Biology: Computational and Integrative (PHD),Denied
International,Biology: Computational and Integrative (PHD),Denied
International,Biology: Computational and Integrative (PHD),Denied
International,Biology (MS),Started App
International,Biology (MS),Started App
International,Biology (MS),Started App
International,Biology (MS),Started App
International,Biology (MS),Started App
International,Biology (MS),Started App
International,Biology (MS),Started App
International,Biology (MS),Started App
International,Biology (MS),Started App
Domestic,Biology (MS),Started App
International,Biology (MS),Started App
International,Biology (MS),Started App
International,Biology (MS),Started App
International,Biology (MS),Started App
Domestic,Biology (MS),Started App
International,Biology (MS),Started App
International,Biology (MS),Started App
Domestic,Biology (MS),Started App
Domestic,Biology (MS),Submitted App
International,Biology (MS),Submitted App
Domestic,Biology (MS),Submitted App
International,Biology (MS),Submitted App
International,Biology (MS),Submitted App
International,Biology (MS),Complete App
International,Biology (MS),Complete App
Domestic,Biology (MS),Complete App
International,Biology (MS),Complete App
International,Biology (MS),Complete App
International,Biology (MS),Complete App
International,Biology (MS),Complete App
International,Biology (MS),Complete App
International,Biology (MS),Admit
International,Biology (MS),Admit
Domestic,Biology (MS),Admit
International,Biology (MS),Admit
International,Biology (MS),Admit
International,Biology (MS),Admit
International,Biology (MS),Admit
International,Biology (MS),Admit
International,Biology (MS),Admit
Domestic,Biology (MS),Admit
International,Biology (MS),Admit
International,Biology (MS),Admit
Domestic,Biology (MS),Admit
Domestic,Biology (MS),Admit
Domestic,Biology (MS),Admit
International,Biology (MS),Admit
International,Biology (MS),Admit
Domestic,Biology (MS),Admit
International,Biology (MS),Admit-Coming
International,Biology (MS),Admit-Coming
International,Biology (MS),Admit-Coming
International,Biology (MS),Admit-Coming
International,Biology (MS),Admit-Coming
International,Biology (MS),Admit-Coming
International,Biology (MS),Admit-Coming
International,Biology (MS),Admit-Coming
International,Biology (MS),Admit-Coming
International,Biology (MS),Admit-Coming
International,Biology (MS),Admit-Coming
International,Biology (MS),Admit-Coming
Domestic,Biology (MS),Admit-Coming
International,Biology (MS),Admit-Coming
International,Biology (MS),Admit-Coming
International,Biology (MS),Admit-Coming
International,Biology (MS),Withdrawn
International,Biology (MS),Denied
International,Biology (MS),Denied
International,Biology (MS),Denied
Domestic,Biology (NOD),Submitted App
International,Bus and Sci - Comp and Info Sciences - Technology Management Cert (NOD) Camden,Started App
International,Bus and Sci - Comp and Info Sciences - Technology Management Cert (NOD) Camden,Started App
International,Bus and Sci - Comp and Info Sciences - Technology Management Cert (NOD) Camden,Submitted App
International,Bus and Sci - Comp and Info Sciences - Technology Management Cert (NOD) Camden,Submitted App
Domestic,Business and Science - Computer and Information Sciences (MBS) Camden,Started App
International,Business and Science - Computer and Information Sciences (MBS) Camden,Started App
International,Business and Science - Computer and Information Sciences (MBS) Camden,Started App
International,Business and Science - Computer and Information Sciences (MBS) Camden,Started App
International,Business and Science - Computer and Information Sciences (MBS) Camden,Started App
International,Business and Science - Computer and Information Sciences (MBS) Camden,Started App
International,Business and Science - Computer and Information Sciences (MBS) Camden,Submitted App
International,Business and Science - Computer and Information Sciences (MBS) Camden,Submitted App
International,Business and Science - Computer and Information Sciences (MBS) Camden,Submitted App
International,Business and Science - Computer and Information Sciences (MBS) Camden,Submitted App
International,Business and Science - Computer and Information Sciences (MBS) Camden,Submitted App
International,Business and Science - Computer and Information Sciences (MBS) Camden,Admit
Domestic,Business and Science - Computer and Information Sciences (MBS) Camden,Admit
International,Business and Science - Computer and Information Sciences (MBS) Camden,Admit
Domestic,Business and Science - Computer and Information Sciences (MBS) Camden,Admit
International,Business and Science - Computer and Information Sciences (MBS) Camden,Admit
International,Business and Science - Computer and Information Sciences (MBS) Camden,Admit
International,Business and Science - Computer and Information Sciences (MBS) Camden,Admit-Coming
International,Business and Science - Computer and Information Sciences (MBS) Camden,Admit-Coming
International,Business and Science - Computer and Information Sciences (MBS) Camden,Admit-Coming
International,Business and Science - Computer and Information Sciences (MBS) Camden,Admit-Coming
Domestic,Business and Science - Computer and Information Sciences (MBS) Camden,Admit-Withdrawn
International,Business and Science - Computer and Information Sciences (MBS) Camden,Denied
International,Business and Science - Computer and Information Sciences (MBS) Camden,Denied
Domestic,Business and Science - Computer and Information Sciences (NOD) Camden,Complete App
International,Chemistry (MS),Started App
Domestic,Chemistry - Accelerated BA/MS (MS),Started App
Domestic,Chemistry - Accelerated BA/MS (MS),Submitted App
International,Chemistry and Molecular Technology (MS),Started App
Domestic,Chemistry and Molecular Technology (MS),Started App
International,Chemistry and Molecular Technology (MS),Started App
International,Chemistry and Molecular Technology (MS),Started App
International,Chemistry and Molecular Technology (MS),Started App
Domestic,Chemistry and Molecular Technology (MS),Started App
Domestic,Chemistry and Molecular Technology (MS),Started App
International,Chemistry and Molecular Technology (MS),Submitted App
Domestic,Chemistry and Molecular Technology (MS),Submitted App
International,Chemistry and Molecular Technology (MS),Complete App
International,Chemistry and Molecular Technology (MS),Complete App
International,Chemistry and Molecular Technology (MS),Complete App
International,Chemistry and Molecular Technology (MS),Admit
Domestic,Chemistry and Molecular Technology (MS),Admit
International,Chemistry and Molecular Technology (MS),Admit
International,Chemistry and Molecular Technology (MS),Admit
International,Chemistry and Molecular Technology (MS),Admit
International,Chemistry and Molecular Technology (MS),Admit
International,Chemistry and Molecular Technology (MS),Admit
International,Chemistry and Molecular Technology (MS),Admit-Coming
International,Chemistry and Molecular Technology (MS),Admit-Coming
International,Chemistry and Molecular Technology (MS),Admit-Coming
International,Chemistry and Molecular Technology (MS),Admit-Coming
International,Chemistry and Molecular Technology (MS),Admit-Coming
International,Chemistry and Molecular Technology (MS),Admit-Coming
International,Chemistry and Molecular Technology (MS),Admit-Coming
International,Chemistry and Molecular Technology (MS),Admit-Coming
International,Chemistry and Molecular Technology (MS),Admit-Coming
International,Chemistry and Molecular Technology (MS),Admit-Coming
International,Chemistry and Molecular Technology (MS),Admit-Coming
Domestic,Chemistry and Molecular Technology (MS),Admit-Coming
International,Chemistry and Molecular Technology (MS),Withdrawn
International,Chemistry and Molecular Technology (MS),Denied
International,Chemistry and Molecular Technology (MS),Denied
Domestic,Childhood Studies (MA),Started App
Domestic,Childhood Studies (MA),Started App
Domestic,Childhood Studies (MA),Started App
International,Childhood Studies (MA),Started App
International,Childhood Studies (MA),Submitted App
International,Childhood Studies (MA),Complete App
International,Childhood Studies (MA),Complete App
Domestic,Childhood Studies (MA),Complete App
Domestic,Childhood Studies (MA),Complete App
Domestic,Childhood Studies (NOD),Submitted App
International,Childhood Studies (PHD),Started App
Domestic,Childhood Studies (PHD),Started App
International,Childhood Studies (PHD),Started App
International,Childhood Studies (PHD),Started App
International,Childhood Studies (PHD),Started App
Domestic,Childhood Studies (PHD),Started App
Domestic,Childhood Studies (PHD),Submitted App
International,Childhood Studies (PHD),Complete App
Domestic,Childhood Studies (PHD),Admit
Domestic,Childhood Studies (PHD),Admit
International,Childhood Studies (PHD),Admit
International,Childhood Studies (PHD),Admit
International,Childhood Studies (PHD),Admit
Domestic,Childhood Studies (PHD),Admit
International,Childhood Studies (PHD),Admit
International,Childhood Studies (PHD),Admit
International,Childhood Studies (PHD),Admit
International,Childhood Studies (PHD),Admit-Coming
International,Childhood Studies (PHD),Admit-Coming
Domestic,Childhood Studies (PHD),Admit-Coming
Domestic,Childhood Studies (PHD),Admit-Coming
Domestic,Childhood Studies (PHD),Alternative Admission
Domestic,Childhood Studies (PHD),Alternative Admission
Domestic,Childhood Studies (PHD),Alternative Admission
International,Childhood Studies (PHD),Alternative Admission
International,Childhood Studies (PHD),Alternative Admission
Domestic,Childhood Studies (PHD),Denied
Domestic,Childhood Studies (PHD),Denied
Domestic,Childhood Studies (PHD),Denied
Domestic,Childhood Studies (PHD),Denied
Domestic,Childhood Studies (PHD),Denied
International,Childhood Studies (PHD),Denied
Domestic,Childhood Studies (PHD),Denied
International,Computer Science: Scientific Computing (MS),Started App
International,Computer Science: Scientific Computing (MS),Started App
International,Computer Science: Scientific Computing (MS),Started App
International,Computer Science: Scientific Computing (MS),Started App
International,Computer Science: Scientific Computing (MS),Started App
International,Computer Science: Scientific Computing (MS),Started App
International,Computer Science: Scientific Computing (MS),Started App
International,Computer Science: Scientific Computing (MS),Started App
International,Computer Science: Scientific Computing (MS),Started App
International,Computer Science: Scientific Computing (MS),Started App
International,Computer Science: Scientific Computing (MS),Started App
International,Computer Science: Scientific Computing (MS),Started App
International,Computer Science: Scientific Computing (MS),Started App
International,Computer Science: Scientific Computing (MS),Started App
International,Computer Science: Scientific Computing (MS),Started App
International,Computer Science: Scientific Computing (MS),Started App
International,Computer Science: Scientific Computing (MS),Started App
International,Computer Science: Scientific Computing (MS),Started App
International,Computer Science: Scientific Computing (MS),Started App
Domestic,Computer Science: Scientific Computing (MS),Started App
International,Computer Science: Scientific Computing (MS),Started App
International,Computer Science: Scientific Computing (MS),Started App
International,Computer Science: Scientific Computing (MS),Started App
Domestic,Computer Science: Scientific Computing (MS),Started App
International,Computer Science: Scientific Computing (MS),Started App
International,Computer Science: Scientific Computing (MS),Started App
International,Computer Science: Scientific Computing (MS),Started App
Domestic,Computer Science: Scientific Computing (MS),Started App
International,Computer Science: Scientific Computing (MS),Started App
International,Computer Science: Scientific Computing (MS),Started App
Domestic,Computer Science: Scientific Computing (MS),Started App
International,Computer Science: Scientific Computing (MS),Started App
International,Computer Science: Scientific Computing (MS),Started App
International,Computer Science: Scientific Computing (MS),Started App
International,Computer Science: Scientific Computing (MS),Started App
International,Computer Science: Scientific Computing (MS),Started App
International,Computer Science: Scientific Computing (MS),Started App
International,Computer Science: Scientific Computing (MS),Started App
International,Computer Science: Scientific Computing (MS),Started App
Domestic,Computer Science: Scientific Computing (MS),Started App
International,Computer Science: Scientific Computing (MS),Started App
International,Computer Science: Scientific Computing (MS),Started App
International,Computer Science: Scientific Computing (MS),Started App
Domestic,Computer Science: Scientific Computing (MS),Started App
International,Computer Science: Scientific Computing (MS),Started App
Domestic,Computer Science: Scientific Computing (MS),Started App
International,Computer Science: Scientific Computing (MS),Started App
International,Computer Science: Scientific Computing (MS),Started App
International,Computer Science: Scientific Computing (MS),Started App
International,Computer Science: Scientific Computing (MS),Submitted App
International,Computer Science: Scientific Computing (MS),Submitted App
International,Computer Science: Scientific Computing (MS),Submitted App
International,Computer Science: Scientific Computing (MS),Submitted App
International,Computer Science: Scientific Computing (MS),Submitted App
International,Computer Science: Scientific Computing (MS),Submitted App
International,Computer Science: Scientific Computing (MS),Submitted App
International,Computer Science: Scientific Computing (MS),Submitted App
International,Computer Science: Scientific Computing (MS),Submitted App
International,Computer Science: Scientific Computing (MS),Submitted App
International,Computer Science: Scientific Computing (MS),Submitted App
International,Computer Science: Scientific Computing (MS),Submitted App
Domestic,Computer Science: Scientific Computing (MS),Submitted App
International,Computer Science: Scientific Computing (MS),Submitted App
International,Computer Science: Scientific Computing (MS),Submitted App
International,Computer Science: Scientific Computing (MS),Submitted App
International,Computer Science: Scientific Computing (MS),Submitted App
International,Computer Science: Scientific Computing (MS),Submitted App
International,Computer Science: Scientific Computing (MS),Submitted App
International,Computer Science: Scientific Computing (MS),Submitted App
International,Computer Science: Scientific Computing (MS),Submitted App
International,Computer Science: Scientific Computing (MS),Submitted App
International,Computer Science: Scientific Computing (MS),Submitted App
International,Computer Science: Scientific Computing (MS),Submitted App
International,Computer Science: Scientific Computing (MS),Submitted App
Domestic,Computer Science: Scientific Computing (MS),Submitted App
Domestic,Computer Science: Scientific Computing (MS),Submitted App
International,Computer Science: Scientific Computing (MS),Submitted App
International,Computer Science: Scientific Computing (MS),Submitted App
International,Computer Science: Scientific Computing (MS),Submitted App
International,Computer Science: Scientific Computing (MS),Submitted App
International,Computer Science: Scientific Computing (MS),Submitted App
International,Computer Science: Scientific Computing (MS),Submitted App
International,Computer Science: Scientific Computing (MS),Submitted App
International,Computer Science: Scientific Computing (MS),Submitted App
International,Computer Science: Scientific Computing (MS),Submitted App
International,Computer Science: Scientific Computing (MS),Submitted App
International,Computer Science: Scientific Computing (MS),Submitted App
International,Computer Science: Scientific Computing (MS),Submitted App
International,Computer Science: Scientific Computing (MS),Submitted App
International,Computer Science: Scientific Computing (MS),Submitted App
International,Computer Science: Scientific Computing (MS),Submitted App
International,Computer Science: Scientific Computing (MS),Submitted App
International,Computer Science: Scientific Computing (MS),Submitted App
International,Computer Science: Scientific Computing (MS),Submitted App
International,Computer Science: Scientific Computing (MS),Submitted App
International,Computer Science: Scientific Computing (MS),Submitted App
International,Computer Science: Scientific Computing (MS),Submitted App
International,Computer Science: Scientific Computing (MS),Submitted App
International,Computer Science: Scientific Computing (MS),Submitted App
International,Computer Science: Scientific Computing (MS),Submitted App
International,Computer Science: Scientific Computing (MS),Submitted App
International,Computer Science: Scientific Computing (MS),Submitted App
International,Computer Science: Scientific Computing (MS),Submitted App
International,Computer Science: Scientific Computing (MS),Submitted App
International,Computer Science: Scientific Computing (MS),Submitted App
International,Computer Science: Scientific Computing (MS),Submitted App
International,Computer Science: Scientific Computing (MS),Submitted App
International,Computer Science: Scientific Computing (MS),Complete App
International,Computer Science: Scientific Computing (MS),Complete App
International,Computer Science: Scientific Computing (MS),Complete App
International,Computer Science: Scientific Computing (MS),Complete App
International,Computer Science: Scientific Computing (MS),Complete App
International,Computer Science: Scientific Computing (MS),Admit
International,Computer Science: Scientific Computing (MS),Admit
International,Computer Science: Scientific Computing (MS),Admit
International,Computer Science: Scientific Computing (MS),Admit
International,Computer Science: Scientific Computing (MS),Admit
International,Computer Science: Scientific Computing (MS),Admit
International,Computer Science: Scientific Computing (MS),Admit
International,Computer Science: Scientific Computing (MS),Admit
International,Computer Science: Scientific Computing (MS),Admit
International,Computer Science: Scientific Computing (MS),Admit
International,Computer Science: Scientific Computing (MS),Admit
International,Computer Science: Scientific Computing (MS),Admit
International,Computer Science: Scientific Computing (MS),Admit
International,Computer Science: Scientific Computing (MS),Admit
International,Computer Science: Scientific Computing (MS),Admit
Domestic,Computer Science: Scientific Computing (MS),Admit
International,Computer Science: Scientific Computing (MS),Admit
International,Computer Science: Scientific Computing (MS),Admit
International,Computer Science: Scientific Computing (MS),Admit
International,Computer Science: Scientific Computing (MS),Admit
International,Computer Science: Scientific Computing (MS),Admit
International,Computer Science: Scientific Computing (MS),Admit
International,Computer Science: Scientific Computing (MS),Admit
International,Computer Science: Scientific Computing (MS),Admit
International,Computer Science: Scientific Computing (MS),Admit
International,Computer Science: Scientific Computing (MS),Admit
International,Computer Science: Scientific Computing (MS),Admit
International,Computer Science: Scientific Computing (MS),Admit
International,Computer Science: Scientific Computing (MS),Admit
International,Computer Science: Scientific Computing (MS),Admit
International,Computer Science: Scientific Computing (MS),Admit
International,Computer Science: Scientific Computing (MS),Admit
International,Computer Science: Scientific Computing (MS),Admit
International,Computer Science: Scientific Computing (MS),Admit
International,Computer Science: Scientific Computing (MS),Admit-Coming
International,Computer Science: Scientific Computing (MS),Admit-Coming
International,Computer Science: Scientific Computing (MS),Admit-Coming
International,Computer Science: Scientific Computing (MS),Admit-Coming
International,Computer Science: Scientific Computing (MS),Admit-Coming
International,Computer Science: Scientific Computing (MS),Admit-Coming
International,Computer Science: Scientific Computing (MS),Admit-Coming
International,Computer Science: Scientific Computing (MS),Admit-Coming
International,Computer Science: Scientific Computing (MS),Admit-Coming
International,Computer Science: Scientific Computing (MS),Admit-Coming
International,Computer Science: Scientific Computing (MS),Admit-Coming
International,Computer Science: Scientific Computing (MS),Admit-Coming
International,Computer Science: Scientific Computing (MS),Admit-Coming
International,Computer Science: Scientific Computing (MS),Admit-Coming
International,Computer Science: Scientific Computing (MS),Admit-Coming
International,Computer Science: Scientific Computing (MS),Admit-Coming
International,Computer Science: Scientific Computing (MS),Admit-Coming
International,Computer Science: Scientific Computing (MS),Admit-Coming
International,Computer Science: Scientific Computing (MS),Admit-Coming
International,Computer Science: Scientific Computing (MS),Admit-Coming
International,Computer Science: Scientific Computing (MS),Admit-Coming
International,Computer Science: Scientific Computing (MS),Admit-Coming
International,Computer Science: Scientific Computing (MS),Admit-Coming
International,Computer Science: Scientific Computing (MS),Conditional Admission
International,Computer Science: Scientific Computing (MS),Denied
International,Computer Science: Scientific Computing (MS),Denied
International,Computer Science: Scientific Computing (MS),Denied
International,Computer Science: Scientific Computing (MS),Denied
International,Computer Science: Scientific Computing (MS),Denied
International,Computer Science: Scientific Computing (MS),Denied
International,Computer Science: Scientific Computing (MS),Denied
International,Computer Science: Scientific Computing (MS),Denied
International,Computer Science: Scientific Computing (MS),Denied
International,Computer Science: Scientific Computing (MS),Denied
International,Computer Science: Scientific Computing (MS),Denied
International,Computer Science: Scientific Computing (MS),Denied
International,Computer Science: Scientific Computing (MS),Denied
International,Computer Science: Scientific Computing (MS),Denied
International,Computer Science: Scientific Computing (MS),Denied
International,Computer Science: Scientific Computing (MS),Denied
International,Computer Science: Scientific Computing (MS),Denied
International,Computer Science: Scientific Computing (MS),Denied
International,Computer Science: Scientific Computing (MS),Denied
International,Computer Science: Scientific Computing (MS),Denied
International,Computer Science: Scientific Computing (MS),Denied
International,Computer Science: Scientific Computing (MS),Denied
International,Computer Science: Scientific Computing (MS),Denied
International,Computer Science: Scientific Computing (MS),Denied
International,Computer Science: Scientific Computing (MS),Denied
International,Computer Science: Scientific Computing (MS),Denied
International,Computer Science: Scientific Computing (MS),Denied
International,Computer Science: Scientific Computing (MS),Denied
International,Computer Science: Scientific Computing (MS),Denied
International,Computer Science: Scientific Computing (MS),Denied
International,Computer Science: Scientific Computing (MS),Denied
International,Computer Science: Scientific Computing (MS),Denied
International,Computer Science: Scientific Computing (MS),Denied
International,Computer Science: Scientific Computing (MS),Denied
International,Computer Science: Scientific Computing (MS),Denied
International,Computer Science: Scientific Computing (MS),Denied
International,Computer Science: Scientific Computing (MS),Denied
International,Computer Science: Scientific Computing (MS),Denied
International,Computer Science: Scientific Computing (MS),Denied
International,Computer Science: Scientific Computing (MS),Denied
International,Computer Science: Scientific Computing (MS),Denied
International,Computer Science: Scientific Computing (MS),Denied
International,Computer Science: Scientific Computing (MS),Denied
International,Computer Science: Scientific Computing (MS),Denied
International,Computer Science: Scientific Computing (MS),Denied
International,Computer Science: Scientific Computing (MS),Denied
International,Computer Science: Scientific Computing (MS),Denied
International,Computer Science: Scientific Computing (MS),Denied
International,Computer Science: Scientific Computing (MS),Denied
International,Computer Science: Scientific Computing (MS),Denied
International,Computer Science: Scientific Computing (MS),Denied
International,Computer Science: Scientific Computing (MS),Denied
International,Computer Science: Scientific Computing (MS),Denied
International,Computer Science: Scientific Computing (MS),Denied
International,Computer Science: Scientific Computing (MS),Denied
International,Computer Science: Scientific Computing (MS),Denied
International,Computer Science: Scientific Computing (MS),Denied
International,Computer Science: Scientific Computing (MS),Denied
International,Computer Science: Scientific Computing (MS),Denied
International,Computer Science: Scientific Computing (MS),Denied
International,Computer Science: Scientific Computing (MS),Denied
International,Computer Science: Scientific Computing (MS),Denied
International,Computer Science: Scientific Computing (MS),Denied
International,Computer Science: Scientific Computing (MS),Denied
International,Computer Science: Scientific Computing (MS),Denied
Domestic,Computer Science: Scientific Computing (MS),Denied
International,Computer Science: Scientific Computing (MS),Denied
International,Computer Science: Scientific Computing (MS),Denied
International,Computer Science: Scientific Computing (MS),Denied
International,Computer Science: Scientific Computing (MS),Denied
International,Computer Science: Scientific Computing (MS),Denied
International,Computer Science: Scientific Computing (MS),Denied
International,Computer Science: Scientific Computing (MS),Denied
International,Computer Science: Scientific Computing (MS),Denied
International,Computer Science: Scientific Computing (MS),Denied
International,Computer Science: Scientific Computing (MS),Denied
Domestic,Computer Science: Scientific Computing (MS),Denied
International,Computer Science: Scientific Computing (MS),Denied
International,Computer Science: Scientific Computing (MS),Denied
International,Computer Science: Scientific Computing (MS),Denied
International,Computer Science: Scientific Computing (MS),Denied
Domestic,Creative Writing (MFA) Camden,Started App
Domestic,Creative Writing (MFA) Camden,Started App
International,Creative Writing (MFA) Camden,Started App
Domestic,Creative Writing (MFA) Camden,Started App
International,Creative Writing (MFA) Camden,Started App
Domestic,Creative Writing (MFA) Camden,Started App
International,Creative Writing (MFA) Camden,Started App
Domestic,Creative Writing (MFA) Camden,Started App
Domestic,Creative Writing (MFA) Camden,Started App
International,Creative Writing (MFA) Camden,Started App
Domestic,Creative Writing (MFA) Camden,Started App
International,Creative Writing (MFA) Camden,Started App
International,Creative Writing (MFA) Camden,Started App
Domestic,Creative Writing (MFA) Camden,Started App
Domestic,Creative Writing (MFA) Camden,Started App
International,Creative Writing (MFA) Camden,Started App
International,Creative Writing (MFA) Camden,Started App
International,Creative Writing (MFA) Camden,Started App
International,Creative Writing (MFA) Camden,Started App
Domestic,Creative Writing (MFA) Camden,Started App
Domestic,Creative Writing (MFA) Camden,Started App
Domestic,Creative Writing (MFA) Camden,Started App
International,Creative Writing (MFA) Camden,Started App
International,Creative Writing (MFA) Camden,Started App
International,Creative Writing (MFA) Camden,Started App
Domestic,Creative Writing (MFA) Camden,Started App
Domestic,Creative Writing (MFA) Camden,Started App
Domestic,Creative Writing (MFA) Camden,Started App
Domestic,Creative Writing (MFA) Camden,Started App
International,Creative Writing (MFA) Camden,Started App
Domestic,Creative Writing (MFA) Camden,Started App
Domestic,Creative Writing (MFA) Camden,Started App
International,Creative Writing (MFA) Camden,Started App
Domestic,Creative Writing (MFA) Camden,Started App
Domestic,Creative Writing (MFA) Camden,Started App
Domestic,Creative Writing (MFA) Camden,Submitted App
International,Creative Writing (MFA) Camden,Submitted App
Domestic,Creative Writing (MFA) Camden,Submitted App
Domestic,Creative Writing (MFA) Camden,Submitted App
International,Creative Writing (MFA) Camden,Submitted App
Domestic,Creative Writing (MFA) Camden,Submitted App
International,Creative Writing (MFA) Camden,Submitted App
Domestic,Creative Writing (MFA) Camden,Submitted App
International,Creative Writing (MFA) Camden,Submitted App
Domestic,Creative Writing (MFA) Camden,Submitted App
International,Creative Writing (MFA) Camden,Submitted App
International,Creative Writing (MFA) Camden,Submitted App
Domestic,Creative Writing (MFA) Camden,Submitted App
International,Creative Writing (MFA) Camden,Submitted App
International,Creative Writing (MFA) Camden,Submitted App
International,Creative Writing (MFA) Camden,Submitted App
Domestic,Creative Writing (MFA) Camden,Complete App
International,Creative Writing (MFA) Camden,Complete App
Domestic,Creative Writing (MFA) Camden,Complete App
Domestic,Creative Writing (MFA) Camden,Complete App
Domestic,Creative Writing (MFA) Camden,Complete App
Domestic,Creative Writing (MFA) Camden,Complete App
Domestic,Creative Writing (MFA) Camden,Complete App
International,Creative Writing (MFA) Camden,Complete App
Domestic,Creative Writing (MFA) Camden,Complete App
Domestic,Creative Writing (MFA) Camden,Complete App
Domestic,Creative Writing (MFA) Camden,Complete App
Domestic,Creative Writing (MFA) Camden,Complete App
International,Creative Writing (MFA) Camden,Complete App
Domestic,Creative Writing (MFA) Camden,Complete App
International,Creative Writing (MFA) Camden,Complete App
Domestic,Creative Writing (MFA) Camden,Complete App
International,Creative Writing (MFA) Camden,Complete App
International,Creative Writing (MFA) Camden,Complete App
International,Creative Writing (MFA) Camden,Complete App
Domestic,Creative Writing (MFA) Camden,Complete App
Domestic,Creative Writing (MFA) Camden,Complete App
Domestic,Creative Writing (MFA) Camden,Complete App
International,Creative Writing (MFA) Camden,Complete App
International,Creative Writing (MFA) Camden,Complete App
International,Creative Writing (MFA) Camden,Complete App
International,Creative Writing (MFA) Camden,Complete App
Domestic,Creative Writing (MFA) Camden,Complete App
Domestic,Creative Writing (MFA) Camden,Complete App
Domestic,Creative Writing (MFA) Camden,Complete App
International,Creative Writing (MFA) Camden,Complete App
Domestic,Creative Writing (MFA) Camden,Complete App
Domestic,Creative Writing (MFA) Camden,Complete App
Domestic,Creative Writing (MFA) Camden,Complete App
Domestic,Creative Writing (MFA) Camden,Complete App
Domestic,Creative Writing (MFA) Camden,Complete App
International,Creative Writing (MFA) Camden,Complete App
Domestic,Creative Writing (MFA) Camden,Complete App
Domestic,Creative Writing (MFA) Camden,Complete App
International,Creative Writing (MFA) Camden,Complete App
Domestic,Creative Writing (MFA) Camden,Complete App
Domestic,Creative Writing (MFA) Camden,Complete App
Domestic,Creative Writing (MFA) Camden,Complete App
International,Creative Writing (MFA) Camden,Complete App
Domestic,Creative Writing (MFA) Camden,Complete App
Domestic,Creative Writing (MFA) Camden,Complete App
International,Creative Writing (MFA) Camden,Complete App
Domestic,Creative Writing (MFA) Camden,Complete App
International,Creative Writing (MFA) Camden,Complete App
International,Creative Writing (MFA) Camden,Complete App
Domestic,Creative Writing (MFA) Camden,Complete App
International,Creative Writing (MFA) Camden,Complete App
Domestic,Creative Writing (MFA) Camden,Complete App
Domestic,Creative Writing (MFA) Camden,Complete App
International,Creative Writing (MFA) Camden,Complete App
Domestic,Creative Writing (MFA) Camden,Complete App
Domestic,Creative Writing (MFA) Camden,Complete App
Domestic,Creative Writing (MFA) Camden,Complete App
Domestic,Creative Writing (MFA) Camden,Complete App
Domestic,Creative Writing (MFA) Camden,Complete App
Domestic,Creative Writing (MFA) Camden,Complete App
Domestic,Creative Writing (MFA) Camden,Complete App
Domestic,Creative Writing (MFA) Camden,Complete App
Domestic,Creative Writing (MFA) Camden,Complete App
Domestic,Creative Writing (MFA) Camden,Complete App
Domestic,Creative Writing (MFA) Camden,Complete App
Domestic,Creative Writing (MFA) Camden,Complete App
Domestic,Creative Writing (MFA) Camden,Complete App
Domestic,Creative Writing (MFA) Camden,Complete App
Domestic,Creative Writing (MFA) Camden,Complete App
International,Creative Writing (MFA) Camden,Complete App
Domestic,Creative Writing (MFA) Camden,Complete App
Domestic,Creative Writing (MFA) Camden,Complete App
International,Creative Writing (MFA) Camden,Complete App
Domestic,Creative Writing (MFA) Camden,Complete App
International,Creative Writing (MFA) Camden,Complete App
Domestic,Creative Writing (MFA) Camden,Complete App
Domestic,Creative Writing (MFA) Camden,Complete App
Domestic,Creative Writing (MFA) Camden,Complete App
Domestic,Creative Writing (MFA) Camden,Complete App
Domestic,Creative Writing (MFA) Camden,Complete App
Domestic,Creative Writing (MFA) Camden,Complete App
International,Creative Writing (MFA) Camden,Complete App
Domestic,Creative Writing (MFA) Camden,Complete App
Domestic,Creative Writing (MFA) Camden,Complete App
Domestic,Creative Writing (MFA) Camden,Complete App
Domestic,Creative Writing (MFA) Camden,Complete App
Domestic,Creative Writing (MFA) Camden,Complete App
Domestic,Creative Writing (MFA) Camden,Complete App
Domestic,Creative Writing (MFA) Camden,Complete App
Domestic,Creative Writing (MFA) Camden,Complete App
Domestic,Creative Writing (MFA) Camden,Complete App
Domestic,Creative Writing (MFA) Camden,Complete App
Domestic,Creative Writing (MFA) Camden,Complete App
Domestic,Creative Writing (MFA) Camden,Complete App
Domestic,Creative Writing (MFA) Camden,Complete App
Domestic,Creative Writing (MFA) Camden,Complete App
Domestic,Creative Writing (MFA) Camden,Complete App
International,Creative Writing (MFA) Camden,Complete App
Domestic,Creative Writing (MFA) Camden,Complete App
Domestic,Creative Writing (MFA) Camden,Complete App
Domestic,Creative Writing (MFA) Camden,Complete App
Domestic,Creative Writing (MFA) Camden,Complete App
Domestic,Creative Writing (MFA) Camden,Complete App
Domestic,Creative Writing (MFA) Camden,Complete App
Domestic,Creative Writing (MFA) Camden,Complete App
Domestic,Creative Writing (MFA) Camden,Complete App
Domestic,Creative Writing (MFA) Camden,Complete App
Domestic,Creative Writing (MFA) Camden,Complete App
Domestic,Creative Writing (MFA) Camden,Complete App
Domestic,Creative Writing (MFA) Camden,Complete App
Domestic,Creative Writing (MFA) Camden,Complete App
International,Creative Writing (MFA) Camden,Complete App
International,Creative Writing (MFA) Camden,Complete App
Domestic,Creative Writing (MFA) Camden,Complete App
Domestic,Creative Writing (MFA) Camden,Complete App
International,Creative Writing (MFA) Camden,Complete App
International,Creative Writing (MFA) Camden,Complete App
International,Creative Writing (MFA) Camden,Complete App
Domestic,Creative Writing (MFA) Camden,Complete App
Domestic,Creative Writing (MFA) Camden,Complete App
Domestic,Creative Writing (MFA) Camden,Complete App
Domestic,Creative Writing (MFA) Camden,Complete App
Domestic,Creative Writing (MFA) Camden,Complete App
Domestic,Creative Writing (MFA) Camden,Complete App
International,Creative Writing (MFA) Camden,Complete App
Domestic,Creative Writing (MFA) Camden,Complete App
Domestic,Creative Writing (MFA) Camden,Complete App
Domestic,Creative Writing (MFA) Camden,Complete App
Domestic,Creative Writing (MFA) Camden,Complete App
Domestic,Creative Writing (MFA) Camden,Complete App
International,Creative Writing (MFA) Camden,Complete App
International,Creative Writing (MFA) Camden,Complete App
Domestic,Creative Writing (MFA) Camden,Complete App
Domestic,Creative Writing (MFA) Camden,Complete App
Domestic,Creative Writing (MFA) Camden,Complete App
Domestic,Creative Writing (MFA) Camden,Complete App
International,Creative Writing (MFA) Camden,Complete App
Domestic,Creative Writing (MFA) Camden,Complete App
Domestic,Creative Writing (MFA) Camden,Complete App
Domestic,Creative Writing (MFA) Camden,Complete App
Domestic,Creative Writing (MFA) Camden,Complete App
Domestic,Creative Writing (MFA) Camden,Complete App
Domestic,Creative Writing (MFA) Camden,Complete App
Domestic,Creative Writing (MFA) Camden,Complete App
Domestic,Creative Writing (MFA) Camden,Complete App
International,Creative Writing (MFA) Camden,Complete App
International,Creative Writing (MFA) Camden,Complete App
Domestic,Creative Writing (MFA) Camden,Complete App
Domestic,Creative Writing (MFA) Camden,Complete App
Domestic,Creative Writing (MFA) Camden,Complete App
Domestic,Creative Writing (MFA) Camden,Complete App
Domestic,Creative Writing (MFA) Camden,Complete App
Domestic,Creative Writing (MFA) Camden,Complete App
Domestic,Creative Writing (MFA) Camden,Complete App
Domestic,Creative Writing (MFA) Camden,Complete App
Domestic,Creative Writing (MFA) Camden,Complete App
Domestic,Creative Writing (MFA) Camden,Complete App
Domestic,Creative Writing (MFA) Camden,Complete App
Domestic,Creative Writing (MFA) Camden,Complete App
Domestic,Creative Writing (MFA) Camden,Complete App
Domestic,Creative Writing (MFA) Camden,Complete App
Domestic,Creative Writing (MFA) Camden,Complete App
International,Creative Writing (MFA) Camden,Complete App
Domestic,Creative Writing (MFA) Camden,Complete App
International,Creative Writing (MFA) Camden,Complete App
Domestic,Creative Writing (MFA) Camden,Complete App
Domestic,Creative Writing (MFA) Camden,Complete App
Domestic,Creative Writing (MFA) Camden,Complete App
Domestic,Creative Writing (MFA) Camden,Complete App
Domestic,Creative Writing (MFA) Camden,Complete App
Domestic,Creative Writing (MFA) Camden,Complete App
International,Creative Writing (MFA) Camden,Complete App
Domestic,Creative Writing (MFA) Camden,Admit-Not Coming
Domestic,Creative Writing (MFA) Camden,Withdrawn
Domestic,Creative Writing (MFA) Camden,Denied
Domestic,Criminal Justice (MA),Started App
International,Criminal Justice (MA),Started App
Domestic,Criminal Justice (MA),Started App
Domestic,Criminal Justice (MA),Started App
International,Criminal Justice (MA),Started App
International,Criminal Justice (MA),Started App
Domestic,Criminal Justice (MA),Started App
Domestic,Criminal Justice (MA),Started App
International,Criminal Justice (MA),Started App
Domestic,Criminal Justice (MA),Started App
International,Criminal Justice (MA),Started App
Domestic,Criminal Justice (MA),Started App
Domestic,Criminal Justice (MA),Started App
Domestic,Criminal Justice (MA),Started App
Domestic,Criminal Justice (MA),Started App
Domestic,Criminal Justice (MA),Started App
Domestic,Criminal Justice (MA),Submitted App
International,Criminal Justice (MA),Submitted App
Domestic,Criminal Justice (MA),Submitted App
International,Criminal Justice (MA),Submitted App
International,Criminal Justice (MA),Submitted App
International,Criminal Justice (MA),Submitted App
Domestic,Criminal Justice (MA),Complete App
Domestic,Criminal Justice (MA),Admit
Domestic,Criminal Justice (MA),Admit-Coming
International,Criminal Justice (MA),Admit-Coming
Domestic,Criminal Justice (MA),Admit-Coming
Domestic,Criminal Justice (MA),Admit-Coming
International,Criminal Justice (MA),Deferred to Spring
International,Criminal Justice (MA),Conditional Admission
Domestic,Criminal Justice - Dual MA/MPA Criminal Justice and Public Administration (MA),Started App
Domestic,Criminal Justice - Dual MA/MPA Criminal Justice and Public Administration (MA),Started App
Domestic,Criminal Justice - Dual MA/MPA Criminal Justice and Public Administration (MA),Started App
Domestic,Criminal Justice - Dual MA/MPA Criminal Justice and Public Administration (MA),Submitted App
International,Data Science (MS),Started App
International,Data Science (MS),Started App
International,Data Science (MS),Started App
International,Data Science (MS),Started App
International,Data Science (MS),Started App
International,Data Science (MS),Started App
Domestic,Data Science (MS),Started App
International,Data Science (MS),Started App
International,Data Science (MS),Started App
International,Data Science (MS),Started App
International,Data Science (MS),Started App
International,Data Science (MS),Started App
International,Data Science (MS),Started App
Domestic,Data Science (MS),Started App
International,Data Science (MS),Started App
International,Data Science (MS),Started App
International,Data Science (MS),Started App
International,Data Science (MS),Started App
International,Data Science (MS),Started App
International,Data Science (MS),Started App
International,Data Science (MS),Started App
International,Data Science (MS),Started App
International,Data Science (MS),Started App
International,Data Science (MS),Started App
International,Data Science (MS),Started App
Domestic,Data Science (MS),Started App
International,Data Science (MS),Started App
International,Data Science (MS),Started App
International,Data Science (MS),Started App
Domestic,Data Science (MS),Started App
International,Data Science (MS),Started App
International,Data Science (MS),Started App
International,Data Science (MS),Started App
International,Data Science (MS),Started App
International,Data Science (MS),Started App
International,Data Science (MS),Started App
International,Data Science (MS),Started App
International,Data Science (MS),Started App
International,Data Science (MS),Started App
International,Data Science (MS),Started App
International,Data Science (MS),Started App
International,Data Science (MS),Started App
International,Data Science (MS),Started App
International,Data Science (MS),Started App
International,Data Science (MS),Started App
International,Data Science (MS),Started App
International,Data Science (MS),Submitted App
International,Data Science (MS),Submitted App
International,Data Science (MS),Submitted App
International,Data Science (MS),Submitted App
International,Data Science (MS),Submitted App
International,Data Science (MS),Submitted App
International,Data Science (MS),Submitted App
International,Data Science (MS),Submitted App
Domestic,Data Science (MS),Submitted App
International,Data Science (MS),Submitted App
International,Data Science (MS),Submitted App
International,Data Science (MS),Submitted App
International,Data Science (MS),Submitted App
International,Data Science (MS),Submitted App
International,Data Science (MS),Submitted App
International,Data Science (MS),Submitted App
International,Data Science (MS),Submitted App
International,Data Science (MS),Submitted App
International,Data Science (MS),Submitted App
International,Data Science (MS),Submitted App
International,Data Science (MS),Submitted App
International,Data Science (MS),Submitted App
International,Data Science (MS),Submitted App
International,Data Science (MS),Submitted App
International,Data Science (MS),Submitted App
International,Data Science (MS),Submitted App
International,Data Science (MS),Submitted App
Domestic,Data Science (MS),Submitted App
International,Data Science (MS),Submitted App
International,Data Science (MS),Submitted App
International,Data Science (MS),Submitted App
International,Data Science (MS),Submitted App
International,Data Science (MS),Submitted App
International,Data Science (MS),Submitted App
International,Data Science (MS),Submitted App
International,Data Science (MS),Submitted App
International,Data Science (MS),Submitted App
International,Data Science (MS),Submitted App
International,Data Science (MS),Submitted App
International,Data Science (MS),Submitted App
International,Data Science (MS),Submitted App
International,Data Science (MS),Submitted App
International,Data Science (MS),Submitted App
International,Data Science (MS),Submitted App
International,Data Science (MS),Submitted App
International,Data Science (MS),Complete App
International,Data Science (MS),Complete App
International,Data Science (MS),Complete App
International,Data Science (MS),Complete App
International,Data Science (MS),Complete App
International,Data Science (MS),Complete App
International,Data Science (MS),Complete App
International,Data Science (MS),Complete App
International,Data Science (MS),Complete App
International,Data Science (MS),Complete App
International,Data Science (MS),Complete App
International,Data Science (MS),Admit
International,Data Science (MS),Admit
International,Data Science (MS),Admit
International,Data Science (MS),Admit
International,Data Science (MS),Admit
International,Data Science (MS),Admit
International,Data Science (MS),Admit
International,Data Science (MS),Admit
International,Data Science (MS),Admit
International,Data Science (MS),Admit
International,Data Science (MS),Admit
International,Data Science (MS),Admit
International,Data Science (MS),Admit
International,Data Science (MS),Admit
International,Data Science (MS),Admit
Domestic,Data Science (MS),Admit
International,Data Science (MS),Admit
International,Data Science (MS),Admit
International,Data Science (MS),Admit
International,Data Science (MS),Admit
International,Data Science (MS),Admit
International,Data Science (MS),Admit
Domestic,Data Science (MS),Admit
International,Data Science (MS),Admit
International,Data Science (MS),Admit
International,Data Science (MS),Admit
International,Data Science (MS),Admit
International,Data Science (MS),Admit
International,Data Science (MS),Admit
International,Data Science (MS),Admit
International,Data Science (MS),Admit
International,Data Science (MS),Admit
Domestic,Data Science (MS),Admit
International,Data Science (MS),Admit
International,Data Science (MS),Admit
International,Data Science (MS),Admit
International,Data Science (MS),Admit
International,Data Science (MS),Admit
International,Data Science (MS),Admit
International,Data Science (MS),Admit
International,Data Science (MS),Admit
Domestic,Data Science (MS),Admit
International,Data Science (MS),Admit
International,Data Science (MS),Admit
International,Data Science (MS),Admit
International,Data Science (MS),Admit
International,Data Science (MS),Admit
International,Data Science (MS),Admit
International,Data Science (MS),Admit
Domestic,Data Science (MS),Admit
International,Data Science (MS),Admit
Domestic,Data Science (MS),Admit
International,Data Science (MS),Admit
International,Data Science (MS),Admit
International,Data Science (MS),Admit
International,Data Science (MS),Admit
International,Data Science (MS),Admit
International,Data Science (MS),Admit
International,Data Science (MS),Admit
International,Data Science (MS),Admit-Coming
International,Data Science (MS),Admit-Coming
International,Data Science (MS),Admit-Coming
International,Data Science (MS),Admit-Coming
International,Data Science (MS),Admit-Coming
International,Data Science (MS),Admit-Coming
International,Data Science (MS),Admit-Coming
International,Data Science (MS),Admit-Coming
International,Data Science (MS),Admit-Coming
International,Data Science (MS),Admit-Coming
International,Data Science (MS),Admit-Coming
International,Data Science (MS),Admit-Coming
International,Data Science (MS),Admit-Coming
International,Data Science (MS),Admit-Coming
International,Data Science (MS),Admit-Coming
International,Data Science (MS),Admit-Coming
International,Data Science (MS),Admit-Coming
International,Data Science (MS),Admit-Coming
International,Data Science (MS),Admit-Coming
International,Data Science (MS),Admit-Coming
Domestic,Data Science (MS),Admit-Coming
International,Data Science (MS),Admit-Coming
International,Data Science (MS),Admit-Coming
International,Data Science (MS),Admit-Coming
International,Data Science (MS),Admit-Coming
International,Data Science (MS),Admit-Coming
International,Data Science (MS),Admit-Coming
Domestic,Data Science (MS),Admit-Coming
International,Data Science (MS),Admit-Coming
International,Data Science (MS),Admit-Coming
International,Data Science (MS),Admit-Coming
International,Data Science (MS),Admit-Coming
International,Data Science (MS),Admit-Coming
Domestic,Data Science (MS),Admit-Coming
International,Data Science (MS),Admit-Coming
International,Data Science (MS),Admit-Coming
International,Data Science (MS),Admit-Coming
International,Data Science (MS),Admit-Coming
International,Data Science (MS),Admit-Coming
International,Data Science (MS),Admit-Coming
International,Data Science (MS),Admit-Coming
International,Data Science (MS),Admit-Coming
International,Data Science (MS),Admit-Coming
International,Data Science (MS),Admit-Coming
International,Data Science (MS),Admit-Coming
International,Data Science (MS),Admit-Coming
International,Data Science (MS),Admit-Coming
International,Data Science (MS),Admit-Coming
International,Data Science (MS),Admit-Coming
International,Data Science (MS),Admit-Coming
International,Data Science (MS),Admit-Coming
International,Data Science (MS),Admit-Coming
International,Data Science (MS),Admit-Coming
International,Data Science (MS),Admit-Coming
International,Data Science (MS),Admit-Coming
International,Data Science (MS),Admit-Coming
International,Data Science (MS),Admit-Coming
International,Data Science (MS),Admit-Coming
International,Data Science (MS),Admit-Coming
International,Data Science (MS),Admit-Withdrawn
International,Data Science (MS),Withdrawn
International,Data Science (MS),Denied
International,Data Science (MS),Denied
International,Data Science (MS),Denied
Domestic,Data Science (MS),Denied
International,Data Science (MS),Denied
International,Data Science (MS),Denied
International,Data Science (MS),Denied
International,Data Science (MS),Denied
International,Data Science (MS),Denied
International,Data Science (MS),Denied
International,Data Science (MS),Denied
International,Data Science (MS),Denied
International,Data Science (MS),Denied
International,Data Science (MS),Denied
International,Data Science (MS),Denied
International,Data Science (MS),Denied
International,Data Science (MS),Denied
Domestic,Data Science (MS),Denied
International,Data Science (MS),Denied
International,Data Science (MS),Denied
International,Data Science (MS),Denied
International,Data Science (MS),Denied
International,Data Science (MS),Denied
International,Data Science (MS),Denied
International,Data Science (MS),Denied
International,Data Science (MS),Denied
International,Data Science (MS),Denied
International,Data Science (MS),Denied
International,Data Science (MS),Denied
Domestic,Data Science (MS),Denied
International,Data Science (MS),Denied
International,Data Science (MS),Denied
International,Data Science (MS),Denied
International,Data Science (MS),Denied
International,Data Science (MS),Denied
International,Data Science (MS),Denied
International,Data Science (MS),Denied
International,Data Science (MS),Denied
International,Data Science (MS),Denied
International,Data Science (MS),Denied
International,Data Science (MS),Denied
International,Data Science (MS),Denied
International,Data Science (MS),Denied
International,Data Science (MS),Denied
International,Data Science (MS),Denied
International,Data Science (MS),Denied
International,Data Science (MS),Denied
International,Data Science (MS),Denied
International,Data Science (MS),Denied
International,Data Science (MS),Denied
International,Data Science (MS),Denied
International,Data Science (MS),Denied
International,Data Science (MS),Denied
Domestic,Emerging Media (MA),Started App
Domestic,Emerging Media (MA),Started App
Domestic,Emerging Media (MA),Started App
International,Emerging Media (MA),Started App
International,Emerging Media (MA),Submitted App
International,Emerging Media (MA),Submitted App
International,Emerging Media (MA),Submitted App
International,Emerging Media (MA),Complete App
International,Emerging Media (MPS),Started App
Domestic,Emerging Media (MPS),Admit-Coming
Domestic,English (MA),Started App
Domestic,English (MA),Started App
International,English (MA),Started App
Domestic,English (MA),Started App
Domestic,English (MA),Started App
Domestic,English (MA),Started App
International,English (MA),Started App
International,English (MA),Started App
Domestic,English (MA),Started App
International,English (MA),Started App
International,English (MA),Submitted App
International,English (MA),Submitted App
International,English (MA),Complete App
Domestic,English (MA),Complete App
Domestic,English (MA),Complete App
International,English (MA),Complete App
Domestic,English (MA),Complete App
International,English (MA),Complete App
Domestic,English (MA),Complete App
Domestic,English (MA),Complete App
Domestic,English (MA),Complete App
Domestic,English (MA),Admit
Domestic,English (MA),Admit-Coming
Domestic,English (MA),Withdrawn
Domestic,English (NOD),Submitted App
Domestic,English (NOD),Submitted App
International,Forensic Science (MS),Started App
Domestic,Forensic Science (MS),Started App
International,Forensic Science (MS),Started App
Domestic,Forensic Science (MS),Started App
Domestic,Forensic Science (MS),Started App
Domestic,Forensic Science (MS),Started App
Domestic,Forensic Science (MS),Started App
Domestic,Forensic Science (MS),Started App
Domestic,Forensic Science (MS),Started App
Domestic,Forensic Science (MS),Started App
Domestic,Forensic Science (MS),Started App
Domestic,Forensic Science (MS),Started App
Domestic,Forensic Science (MS),Started App
Domestic,Forensic Science (MS),Started App
Domestic,Forensic Science (MS),Started App
Domestic,Forensic Science (MS),Started App
International,Forensic Science (MS),Started App
Domestic,Forensic Science (MS),Started App
Domestic,Forensic Science (MS),Started App
Domestic,Forensic Science (MS),Started App
Domestic,Forensic Science (MS),Started App
Domestic,Forensic Science (MS),Started App
International,Forensic Science (MS),Started App
International,Forensic Science (MS),Started App
International,Forensic Science (MS),Submitted App
International,Forensic Science (MS),Submitted App
Domestic,Forensic Science (MS),Submitted App
International,Forensic Science (MS),Submitted App
International,Forensic Science (MS),Complete App
International,Forensic Science (MS),Complete App
International,Forensic Science (MS),Complete App
International,Forensic Science (MS),Complete App
International,Forensic Science (MS),Complete App
International,Forensic Science (MS),Complete App
International,Forensic Science (MS),Complete App
Domestic,Forensic Science (MS),Admit
Domestic,Forensic Science (MS),Admit
International,Forensic Science (MS),Admit
Domestic,Forensic Science (MS),Admit
Domestic,Forensic Science (MS),Admit-Coming
International,Forensic Science (MS),Admit-Coming
International,Forensic Science (MS),Withdrawn
Domestic,Forensic Science (MS),Denied
International,Forensic Science (MS),Denied
Domestic,"History (American, Global, Public) (MA)",Started App
Domestic,"History (American, Global, Public) (MA)",Started App
Domestic,"History (American, Global, Public) (MA)",Started App
Domestic,"History (American, Global, Public) (MA)",Started App
Domestic,"History (American, Global, Public) (MA)",Started App
Domestic,"History (American, Global, Public) (MA)",Started App
Domestic,"History (American, Global, Public) (MA)",Started App
Domestic,"History (American, Global, Public) (MA)",Started App
Domestic,"History (American, Global, Public) (MA)",Started App
Domestic,"History (American, Global, Public) (MA)",Started App
Domestic,"History (American, Global, Public) (MA)",Started App
Domestic,"History (American, Global, Public) (MA)",Started App
International,"History (American, Global, Public) (MA)",Submitted App
Domestic,"History (American, Global, Public) (MA)",Submitted App
Domestic,"History (American, Global, Public) (MA)",Submitted App
Domestic,"History (American, Global, Public) (MA)",Complete App
Domestic,"History (American, Global, Public) (MA)",Admit
Domestic,"History (American, Global, Public) (MA)",Admit
Domestic,"History (American, Global, Public) (MA)",Admit
Domestic,"History (American, Global, Public) (MA)",Admit
Domestic,"History (American, Global, Public) (MA)",Admit
Domestic,"History (American, Global, Public) (MA)",Admit
Domestic,"History (American, Global, Public) (MA)",Admit
Domestic,"History (American, Global, Public) (MA)",Admit
International,"History (American, Global, Public) (MA)",Admit
Domestic,"History (American, Global, Public) (MA)",Admit
Domestic,"History (American, Global, Public) (MA)",Admit
Domestic,"History (American, Global, Public) (MA)",Admit
Domestic,"History (American, Global, Public) (MA)",Admit
Domestic,"History (American, Global, Public) (MA)",Admit
Domestic,"History (American, Global, Public) (MA)",Admit
Domestic,"History (American, Global, Public) (MA)",Admit
Domestic,"History (American, Global, Public) (MA)",Admit
Domestic,"History (American, Global, Public) (MA)",Admit
Domestic,"History (American, Global, Public) (MA)",Admit
Domestic,"History (American, Global, Public) (MA)",Admit
Domestic,"History (American, Global, Public) (MA)",Admit
Domestic,"History (American, Global, Public) (MA)",Admit
Domestic,"History (American, Global, Public) (MA)",Admit
Domestic,"History (American, Global, Public) (MA)",Admit
Domestic,"History (American, Global, Public) (MA)",Admit
Domestic,"History (American, Global, Public) (MA)",Admit
Domestic,"History (American, Global, Public) (MA)",Admit
Domestic,"History (American, Global, Public) (MA)",Admit
Domestic,"History (American, Global, Public) (MA)",Admit-Coming
Domestic,"History (American, Global, Public) (MA)",Admit-Coming
Domestic,"History (American, Global, Public) (MA)",Admit-Coming
International,"History (American, Global, Public) (MA)",Denied
Domestic,"History (American, Global, Public) (MA)",Denied
International,"History (American, Global, Public) (MA)",Denied
Domestic,Liberal Studies (MA),Started App
International,Liberal Studies (MA),Submitted App
International,Liberal Studies (MA),Denied
Domestic,Liberal Studies - Online (MA),Started App
Domestic,Liberal Studies - Online (MA),Submitted App
International,Liberal Studies - Online (MA),Complete App
Domestic,Liberal Studies - Online (MA),Admit-Coming
Domestic,Liberal Studies - Online (MA),Admit-Coming
International,Mathematical Sciences (MS),Started App
Domestic,Mathematical Sciences (MS),Started App
International,Mathematical Sciences (MS),Started App
International,Mathematical Sciences (MS),Started App
International,Mathematical Sciences (MS),Complete App
Domestic,Mathematical Sciences (MS),Complete App
International,Mathematical Sciences (MS),Admit
International,Mathematical Sciences (MS),Admit
International,Mathematical Sciences (MS),Admit
International,Mathematical Sciences (MS),Admit
Domestic,Mathematical Sciences (MS),Admit
International,Mathematical Sciences (MS),Admit
International,Mathematical Sciences (MS),Admit
International,Mathematical Sciences (MS),Admit
International,Mathematical Sciences (MS),Admit
International,Mathematical Sciences (MS),Admit-Coming
International,Mathematical Sciences (MS),Admit-Coming
International,Mathematical Sciences (MS),Admit-Coming
International,Mathematical Sciences (MS),Admit-Coming
International,Mathematical Sciences (MS),Admit-Coming
International,Mathematical Sciences (MS),Admit-Coming
Domestic,Mathematical Sciences (MS),Admit-Coming
International,Mathematical Sciences (MS),Admit-Coming
International,Mathematical Sciences (MS),Admit-Coming
International,Mathematical Sciences (MS),Admit-Coming
International,Mathematical Sciences (MS),Admit-Not Coming
International,Prevention Science (MS),Started App
Domestic,Prevention Science (MS),Submitted App
Domestic,Prevention Science (MS),Complete App
Domestic,Prevention Science (MS),Complete App
International,Prevention Science (MS),Complete App
International,Prevention Science (MS),Complete App
Domestic,Prevention Science (MS),Complete App
Domestic,Prevention Science (MS),Complete App
International,Prevention Science (PHD),Started App
Domestic,Prevention Science (PHD),Started App
International,Prevention Science (PHD),Started App
International,Prevention Science (PHD),Started App
International,Prevention Science (PHD),Submitted App
Domestic,Prevention Science (PHD),Complete App
Domestic,Prevention Science (PHD),Complete App
International,Prevention Science (PHD),Admit
International,Prevention Science (PHD),Admit
Domestic,Prevention Science (PHD),Admit-Coming
Domestic,Prevention Science (PHD),Admit-Coming
Domestic,Prevention Science (PHD),Admit-Coming
International,Prevention Science (PHD),Denied
International,Prevention Science (PHD),Denied
International,Prevention Science (PHD),Denied
International,Prevention Science (PHD),Denied
International,Prevention Science (PHD),Denied
Domestic,Prevention Science (PHD),Denied
International,Prevention Science (PHD),Denied
International,Prevention Science (PHD),Denied
International,Prevention Science (PHD),Denied
International,Psychology: Psychological Sciences (MA),Started App
Domestic,Psychology: Psychological Sciences (MA),Started App
Domestic,Psychology: Psychological Sciences (MA),Started App
Domestic,Psychology: Psychological Sciences (MA),Started App
International,Psychology: Psychological Sciences (MA),Started App
Domestic,Psychology: Psychological Sciences (MA),Started App
International,Psychology: Psychological Sciences (MA),Started App
Domestic,Psychology: Psychological Sciences (MA),Started App
Domestic,Psychology: Psychological Sciences (MA),Started App
International,Psychology: Psychological Sciences (MA),Started App
Domestic,Psychology: Psychological Sciences (MA),Started App
Domestic,Psychology: Psychological Sciences (MA),Started App
Domestic,Psychology: Psychological Sciences (MA),Started App
Domestic,Psychology: Psychological Sciences (MA),Started App
Domestic,Psychology: Psychological Sciences (MA),Started App
Domestic,Psychology: Psychological Sciences (MA),Started App
Domestic,Psychology: Psychological Sciences (MA),Started App
International,Psychology: Psychological Sciences (MA),Started App
Domestic,Psychology: Psychological Sciences (MA),Started App
Domestic,Psychology: Psychological Sciences (MA),Started App
International,Psychology: Psychological Sciences (MA),Started App
Domestic,Psychology: Psychological Sciences (MA),Started App
Domestic,Psychology: Psychological Sciences (MA),Started App
International,Psychology: Psychological Sciences (MA),Started App
International,Psychology: Psychological Sciences (MA),Started App
Domestic,Psychology: Psychological Sciences (MA),Started App
Domestic,Psychology: Psychological Sciences (MA),Started App
International,Psychology: Psychological Sciences (MA),Started App
Domestic,Psychology: Psychological Sciences (MA),Started App
Domestic,Psychology: Psychological Sciences (MA),Started App
International,Psychology: Psychological Sciences (MA),Started App
Domestic,Psychology: Psychological Sciences (MA),Submitted App
International,Psychology: Psychological Sciences (MA),Submitted App
Domestic,Psychology: Psychological Sciences (MA),Submitted App
Domestic,Psychology: Psychological Sciences (MA),Submitted App
Domestic,Psychology: Psychological Sciences (MA),Submitted App
International,Psychology: Psychological Sciences (MA),Submitted App
International,Psychology: Psychological Sciences (MA),Submitted App
Domestic,Psychology: Psychological Sciences (MA),Submitted App
Domestic,Psychology: Psychological Sciences (MA),Complete App
Domestic,Psychology: Psychological Sciences (MA),Complete App
Domestic,Psychology: Psychological Sciences (MA),Complete App
Domestic,Psychology: Psychological Sciences (MA),Complete App
Domestic,Psychology: Psychological Sciences (MA),Complete App
International,Psychology: Psychological Sciences (MA),Complete App
International,Psychology: Psychological Sciences (MA),Complete App
Domestic,Psychology: Psychological Sciences (MA),Complete App
Domestic,Psychology: Psychological Sciences (MA),Complete App
Domestic,Psychology: Psychological Sciences (MA),Complete App
International,Psychology: Psychological Sciences (MA),Complete App
International,Psychology: Psychological Sciences (MA),Complete App
Domestic,Psychology: Psychological Sciences (MA),Complete App
International,Psychology: Psychological Sciences (MA),Complete App
International,Psychology: Psychological Sciences (MA),Complete App
International,Psychology: Psychological Sciences (MA),Complete App
Domestic,Psychology: Psychological Sciences (MA),Complete App
Domestic,Psychology: Psychological Sciences (MA),Complete App
Domestic,Psychology: Psychological Sciences (MA),Admit
Domestic,Psychology: Psychological Sciences (MA),Admit-Coming
Domestic,"Public Administration, Executive Program (West Windsor, Saturday Morning) (MPA)",Started App
Domestic,"Public Administration, Executive Program (West Windsor, Saturday Morning) (MPA)",Started App
Domestic,"Public Administration, Executive Program (West Windsor, Saturday Morning) (MPA)",Submitted App
Domestic,"Public Administration, Executive Program (West Windsor, Saturday Morning) (MPA)",Admit-Coming
Domestic,Public Administration - Accelerated Degree BA/MPA (MPA),Admit-Withdrawn
Domestic,Public Administration - Dual MPA/MA Public Administration Criminal Justice (MPA),Started App
Domestic,Public Administration - On Campus (MPA),Started App
Domestic,Public Administration - On Campus (MPA),Started App
Domestic,Public Administration - On Campus (MPA),Started App
Domestic,Public Administration - On Campus (MPA),Started App
International,Public Administration - On Campus (MPA),Started App
Domestic,Public Administration - On Campus (MPA),Started App
Domestic,Public Administration - On Campus (MPA),Started App
Domestic,Public Administration - On Campus (MPA),Started App
Domestic,Public Administration - On Campus (MPA),Started App
International,Public Administration - On Campus (MPA),Started App
Domestic,Public Administration - On Campus (MPA),Started App
International,Public Administration - On Campus (MPA),Started App
Domestic,Public Administration - On Campus (MPA),Started App
Domestic,Public Administration - On Campus (MPA),Started App
Domestic,Public Administration - On Campus (MPA),Started App
Domestic,Public Administration - On Campus (MPA),Submitted App
International,Public Administration - On Campus (MPA),Submitted App
International,Public Administration - On Campus (MPA),Submitted App
Domestic,Public Administration - On Campus (MPA),Submitted App
International,Public Administration - On Campus (MPA),Submitted App
International,Public Administration - On Campus (MPA),Submitted App
International,Public Administration - On Campus (MPA),Submitted App
Domestic,Public Administration - On Campus (MPA),Submitted App
International,Public Administration - On Campus (MPA),Submitted App
International,Public Administration - On Campus (MPA),Submitted App
Domestic,Public Administration - On Campus (MPA),Admit
Domestic,Public Administration - On Campus (MPA),Admit
Domestic,Public Administration - On Campus (MPA),Admit
Domestic,Public Administration - On Campus (MPA),Admit
Domestic,Public Administration - On Campus (MPA),Admit
Domestic,Public Administration - On Campus (MPA),Admit
International,Public Administration - On Campus (MPA),Admit
International,Public Administration - On Campus (MPA),Admit-Coming
Domestic,Public Administration - On Campus (MPA),Admit-Coming
Domestic,Public Administration - On Campus (MPA),Admit-Coming
International,Public Administration - On Campus (MPA),Admit-Coming
International,Public Administration - On Campus (MPA),Admit-Coming
Domestic,Public Administration - On Campus (MPA),Admit-Coming
Domestic,Public Administration - On Campus (MPA),Deferred to Spring
International,Public Administration - On Campus (MPA),Denied
International,Public Administration - On Campus (MPA),Denied
International,Public Administration - On Campus (MPA),Denied
International,Public Administration - On Campus (MPA),Denied
Domestic,Public Administration - On Campus (NOD),Started App
International,Public Affairs/Community Development (MS),Started App
International,Public Affairs/Community Development (MS),Started App
Domestic,Public Affairs/Community Development (MS),Started App
Domestic,Public Affairs/Community Development (MS),Started App
International,Public Affairs/Community Development (MS),Started App
International,Public Affairs/Community Development (MS),Started App
International,Public Affairs/Community Development (MS),Started App
International,Public Affairs/Community Development (MS),Complete App
Domestic,Public Affairs/Community Development (MS),Complete App
Domestic,Public Affairs/Community Development (MS),Admit
International,Public Affairs/Community Development (MS),Admit-Coming
International,Public Affairs/Community Development (MS),Denied
Domestic,Public Affairs/Community Development (PHD),Started App
Domestic,Public Affairs/Community Development (PHD),Started App
International,Public Affairs/Community Development (PHD),Started App
International,Public Affairs/Community Development (PHD),Started App
International,Public Affairs/Community Development (PHD),Started App
International,Public Affairs/Community Development (PHD),Started App
Domestic,Public Affairs/Community Development (PHD),Started App
International,Public Affairs/Community Development (PHD),Started App
International,Public Affairs/Community Development (PHD),Submitted App
Domestic,Public Affairs/Community Development (PHD),Admit
International,Public Affairs/Community Development (PHD),Admit
International,Public Affairs/Community Development (PHD),Admit
International,Public Affairs/Community Development (PHD),Admit
International,Public Affairs/Community Development (PHD),Admit
International,Public Affairs/Community Development (PHD),Admit-Coming
International,Public Affairs/Community Development (PHD),Admit-Coming
International,Public Affairs/Community Development (PHD),Admit-Coming
International,Public Affairs/Community Development (PHD),Admit-Coming
International,Public Affairs/Community Development (PHD),Admit-Coming
International,Public Affairs/Community Development (PHD),Admit-Coming
International,Public Affairs/Community Development (PHD),Admit-Coming
International,Public Affairs/Community Development (PHD),Admit-Coming
International,Public Affairs/Community Development (PHD),Admit-Coming
International,Public Affairs/Community Development (PHD),Admit-Coming
Domestic,Public Affairs/Community Development (PHD),Admit-Coming
Domestic,Public Affairs/Community Development (PHD),Admit-Coming
Domestic,Public Affairs/Community Development (PHD),Denied
Domestic,Public Affairs/Community Development (PHD),Denied
International,Public Affairs/Community Development (PHD),Denied
International,Public Affairs/Community Development (PHD),Denied
International,Teacher Ed - Bilingual Education Certificate (NOD),Started App
International,Teacher Ed - Bilingual Education Certificate (NOD),Started App
International,Teacher Ed - English as a Second Language (ESL) Certificate (NOD),Started App
International,Teacher Ed - Supervisory Certificate (NOD),Submitted App
Domestic,"Teacher Ed - Teacher of Students with Disabilities, P-12 Certificate (NOD)",Submitted App
International,Teacher Education (MAT),Started App
International,Teacher Education (MAT),Started App
Domestic,Teacher Education (MAT),Started App
Domestic,Teacher Education (MAT),Started App
International,Teacher Education (MAT),Submitted App
International,Teacher Education (MAT),Submitted App
Domestic,Teacher Education (MAT),Submitted App
Domestic,Teacher Education (MAT),Submitted App
Domestic,Teacher Education (MAT),Submitted App
Domestic,Teacher Education (MAT),Admit
Domestic,Teacher Education (MAT),Admit
International,Teacher Education - Spanish (MAT),Complete App
Domestic,Teacher Education - Spanish (MAT),Deferred to Spring
Domestic,Teacher Education - Spanish (MAT),Deferred to Spring
